{"External":null,"LibIl2Cpp":null,"Il2CppAssemblyWithDeps":[],"Arguments":["--convert-to-cpp","--emit-null-checks","--enable-array-bounds-check","--dotnetprofile=\"unityaot\"","--additional-cpp=D:/git/TopDown2D/Library/Il2cppBuildCache/iOS/additionalCppFiles/UnityClassRegistration.cpp","--additional-cpp=D:/git/TopDown2D/Library/Il2cppBuildCache/iOS/additionalCppFiles/UnityICallRegistration.cpp","--incremental-g-c-time-slice=3","--avoid-dynamic-library-copy","--profiler-report","--map-file-parser=\"C:/Program Files/Unity/Hub/Editor/2020.3.4f1/Editor/Data/Tools/MapFileParser/MapFileParser.exe\"","--directory=D:/git/TopDown2D/Temp/StagingArea/Data/Managed","--generatedcppdir=D:/git/TopDown2D/Library/Il2cppBuildCache/iOS/il2cppOutput"],"ToolPath":"\"C:\\Program Files\\Unity\\Hub\\Editor\\2020.3.4f1\\Editor\\Data\\il2cpp/build/deploy/netcoreapp3.1/il2cpp.exe\"","Disabled":false,"ManagedCli":null}