{
"instructions_readme": "1) Open Chrome, 2) go to chrome://tracing, 3) click Load, 4) navigate to this file.",
"traceEvents":[
{ "cat":"", "pid":1, "tid":0, "ts":0, "ph":"M", "name":"process_name", "args": { "name":"tundra" } }
,{ "pid":1, "tid":0, "ts":335846824436, "dur":561, "ph":"X", "name": "DriverCheckDagSignatures",  "args": { "durationMS":1, "detail":"" }}
,{ "pid":1, "tid":0, "ts":335846824998, "dur":335, "ph":"X", "name": "DriverInitData",  "args": { "durationMS":0, "detail":"" }}
,{ "pid":1, "tid":0, "ts":335846825434, "dur":24, "ph":"X", "name": "Tundra",  "args": { "durationMS":0, "detail":"PrepareNodes" }}
,{ "pid":1, "tid":0, "ts":335846825786, "dur":5, "ph":"X", "name": "Tundra",  "args": { "durationMS":0, "detail":"RemoveStaleOutputs" }}
,{ "pid":1, "tid":0, "ts":335846825793, "dur":422, "ph":"X", "name": "Tundra",  "args": { "durationMS":0, "detail":"BuildQueueInit" }}
,{ "pid":1, "tid":0, "ts":335855412197, "dur":11690, "ph":"X", "name": "JoinBuildThread",  "args": { "durationMS":12, "detail":"" }}
,{ "pid":1, "tid":0, "ts":335855423898, "dur":6, "ph":"X", "name": "JoinBuildThread",  "args": { "durationMS":0, "detail":"" }}
,{ "pid":1, "tid":0, "ts":335855423915, "dur":4, "ph":"X", "name": "JoinBuildThread",  "args": { "durationMS":0, "detail":"" }}
,{ "pid":1, "tid":0, "ts":335855423928, "dur":56, "ph":"X", "name": "JoinBuildThread",  "args": { "durationMS":0, "detail":"" }}
,{ "pid":1, "tid":0, "ts":335855423999, "dur":0, "ph":"X", "name": "SharedResourceDestroy",  "args": { "durationMS":0, "detail":"" }}
,{ "pid":1, "tid":0, "ts":335855424001, "dur":1858, "ph":"X", "name": "Tundra",  "args": { "durationMS":2, "detail":"Write AllBuiltNodes" }}
,{ "pid":1, "tid":1, "ts":335846828407, "dur":8649, "ph":"X", "name": "CheckInputSignature",  "args": { "durationMS":9, "detail":"Il2Cpp D:/git/TopDown2D/Library/Il2cppBuildCache/iOS/il2cppOutput" }}
,{ "pid":1, "tid":1, "ts":335846837953, "dur":8519544, "ph":"X", "name": "Il2Cpp",  "args": { "durationMS":8520, "detail":"D:/git/TopDown2D/Library/Il2cppBuildCache/iOS/il2cppOutput" }}
,{ "pid":1, "tid":1, "ts":335855357565, "dur":12133, "ph":"X", "name": "CheckInputSignature",  "args": { "durationMS":12, "detail":"Copy Additional C++ File D:/git/TopDown2D/Library/Il2cppBuildCache/iOS/il2cppOutput/UnityClassRegistration.cpp" }}
,{ "pid":1, "tid":1, "ts":335855369879, "dur":32452, "ph":"X", "name": "Copy",  "args": { "durationMS":32, "detail":"Additional C++ File D:/git/TopDown2D/Library/Il2cppBuildCache/iOS/il2cppOutput/UnityClassRegistration.cpp" }}
,{ "pid":1, "tid":1, "ts":335855402579, "dur":9630, "ph":"X", "name": "WaitingForWork", "cname":"thread_state_sleeping",  "args": { "durationMS":10, "detail":"" }}
,{ "pid":1, "tid":1, "ts":335855412209, "dur":11510, "ph":"X", "name": "Exiting",  "args": { "durationMS":12, "detail":"BuildLoop" }}
,{ "pid":1, "tid":2, "ts":335846828493, "dur":8583714, "ph":"X", "name": "WaitingForWork", "cname":"thread_state_sleeping",  "args": { "durationMS":8584, "detail":"" }}
,{ "pid":1, "tid":2, "ts":335855412208, "dur":11516, "ph":"X", "name": "Exiting",  "args": { "durationMS":12, "detail":"BuildLoop" }}
,{ "pid":1, "tid":3, "ts":335846828469, "dur":8583747, "ph":"X", "name": "WaitingForWork", "cname":"thread_state_sleeping",  "args": { "durationMS":8584, "detail":"" }}
,{ "pid":1, "tid":3, "ts":335855412217, "dur":11526, "ph":"X", "name": "Exiting",  "args": { "durationMS":12, "detail":"BuildLoop" }}
,{ "pid":1, "tid":4, "ts":335846828442, "dur":8529127, "ph":"X", "name": "WaitingForWork", "cname":"thread_state_sleeping",  "args": { "durationMS":8529, "detail":"" }}
,{ "pid":1, "tid":4, "ts":335855357570, "dur":18942, "ph":"X", "name": "CheckInputSignature",  "args": { "durationMS":19, "detail":"Copy Additional C++ File D:/git/TopDown2D/Library/Il2cppBuildCache/iOS/il2cppOutput/UnityICallRegistration.cpp" }}
,{ "pid":1, "tid":4, "ts":335855376668, "dur":35413, "ph":"X", "name": "Copy",  "args": { "durationMS":35, "detail":"Additional C++ File D:/git/TopDown2D/Library/Il2cppBuildCache/iOS/il2cppOutput/UnityICallRegistration.cpp" }}
,{ "pid":1, "tid":4, "ts":335855412123, "dur":1, "ph":"X", "name": "CheckInputSignature",  "args": { "durationMS":0, "detail":"all_tundra_nodes" }}
,{ "pid":1, "tid":4, "ts":335855412194, "dur":20, "ph":"X", "name": "WaitingForWork", "cname":"thread_state_sleeping",  "args": { "durationMS":0, "detail":"" }}
,{ "pid":1, "tid":4, "ts":335855412214, "dur":11692, "ph":"X", "name": "Exiting",  "args": { "durationMS":12, "detail":"BuildLoop" }}

]
}
