{
  "Nodes": [
    {
      "Annotation": "all_tundra_nodes",
      "Action": "",
      "Inputs": [],
      "Outputs": [],
      "TargetDirectories": [],
      "PassIndex": 0,
      "Deps": [
        1,
        2,
        3
      ],
      "OverwriteOutputs": true,
      "FrontendResponseFiles": [],
      "AllowUnexpectedOutput": true,
      "AllowedOutputSubstrings": [],
      "DebugActionIndex": 0
    },
    {
      "Annotation": "Il2Cpp D:/git/TopDown2D/Library/Il2cppBuildCache/iOS/il2cppOutput",
      "Action": "\"C:\\Program Files\\Unity\\Hub\\Editor\\2020.3.4f1\\Editor\\Data\\il2cpp/build/deploy/netcoreapp3.1/il2cpp.exe\" --convert-to-cpp --emit-null-checks --enable-array-bounds-check --dotnetprofile=\"unityaot\" --additional-cpp=D:/git/TopDown2D/Library/Il2cppBuildCache/iOS/additionalCppFiles/UnityClassRegistration.cpp --additional-cpp=D:/git/TopDown2D/Library/Il2cppBuildCache/iOS/additionalCppFiles/UnityICallRegistration.cpp --incremental-g-c-time-slice=3 --avoid-dynamic-library-copy --profiler-report --map-file-parser=\"C:/Program Files/Unity/Hub/Editor/2020.3.4f1/Editor/Data/Tools/MapFileParser/MapFileParser.exe\" --directory=D:/git/TopDown2D/Temp/StagingArea/Data/Managed --generatedcppdir=D:/git/TopDown2D/Library/Il2cppBuildCache/iOS/il2cppOutput",
      "Inputs": [
        "D:/git/TopDown2D/Temp/StagingArea/Data/Managed",
        "D:/git/TopDown2D/Temp/StagingArea/Data/Managed/Assembly-CSharp.dll",
        "D:/git/TopDown2D/Temp/StagingArea/Data/Managed/Mono.Security.dll",
        "D:/git/TopDown2D/Temp/StagingArea/Data/Managed/mscorlib.dll",
        "D:/git/TopDown2D/Temp/StagingArea/Data/Managed/System.Configuration.dll",
        "D:/git/TopDown2D/Temp/StagingArea/Data/Managed/System.Core.dll",
        "D:/git/TopDown2D/Temp/StagingArea/Data/Managed/System.dll",
        "D:/git/TopDown2D/Temp/StagingArea/Data/Managed/System.Xml.dll",
        "D:/git/TopDown2D/Temp/StagingArea/Data/Managed/Unity.2D.IK.Runtime.dll",
        "D:/git/TopDown2D/Temp/StagingArea/Data/Managed/Unity.2D.PixelPerfect.dll",
        "D:/git/TopDown2D/Temp/StagingArea/Data/Managed/UnityEngine.AnimationModule.dll",
        "D:/git/TopDown2D/Temp/StagingArea/Data/Managed/UnityEngine.AudioModule.dll",
        "D:/git/TopDown2D/Temp/StagingArea/Data/Managed/UnityEngine.CoreModule.dll",
        "D:/git/TopDown2D/Temp/StagingArea/Data/Managed/UnityEngine.dll",
        "D:/git/TopDown2D/Temp/StagingArea/Data/Managed/UnityEngine.GameCenterModule.dll",
        "D:/git/TopDown2D/Temp/StagingArea/Data/Managed/UnityEngine.GridModule.dll",
        "D:/git/TopDown2D/Temp/StagingArea/Data/Managed/UnityEngine.IMGUIModule.dll",
        "D:/git/TopDown2D/Temp/StagingArea/Data/Managed/UnityEngine.InputLegacyModule.dll",
        "D:/git/TopDown2D/Temp/StagingArea/Data/Managed/UnityEngine.Physics2DModule.dll",
        "D:/git/TopDown2D/Temp/StagingArea/Data/Managed/UnityEngine.PhysicsModule.dll",
        "D:/git/TopDown2D/Temp/StagingArea/Data/Managed/UnityEngine.SharedInternalsModule.dll",
        "D:/git/TopDown2D/Temp/StagingArea/Data/Managed/UnityEngine.SpriteShapeModule.dll",
        "D:/git/TopDown2D/Temp/StagingArea/Data/Managed/UnityEngine.TextRenderingModule.dll",
        "D:/git/TopDown2D/Temp/StagingArea/Data/Managed/UnityEngine.TilemapModule.dll",
        "D:/git/TopDown2D/Temp/StagingArea/Data/Managed/UnityEngine.UI.dll",
        "D:/git/TopDown2D/Temp/StagingArea/Data/Managed/UnityEngine.UIModule.dll"
      ],
      "Outputs": [],
      "TargetDirectories": [
        "D:/git/TopDown2D/Library/Il2cppBuildCache/iOS/il2cppOutput"
      ],
      "PassIndex": 0,
      "Deps": [],
      "OverwriteOutputs": false,
      "FrontendResponseFiles": [],
      "AllowUnexpectedOutput": true,
      "AllowedOutputSubstrings": [],
      "DebugActionIndex": 1
    },
    {
      "Annotation": "Copy Additional C++ File D:/git/TopDown2D/Library/Il2cppBuildCache/iOS/il2cppOutput/UnityClassRegistration.cpp",
      "Action": "copy \"D:\\git\\TopDown2D\\Library\\Il2cppBuildCache\\iOS\\additionalCppFiles\\UnityClassRegistration.cpp\" \"D:\\git\\TopDown2D\\Library\\Il2cppBuildCache\\iOS\\il2cppOutput\\UnityClassRegistration.cpp\" && copy /b \"D:\\git\\TopDown2D\\Library\\Il2cppBuildCache\\iOS\\il2cppOutput\\UnityClassRegistration.cpp\" +,, \"D:\\git\\TopDown2D\\Library\\Il2cppBuildCache\\iOS\\il2cppOutput\\UnityClassRegistration.cpp\" ",
      "Inputs": [
        "D:/git/TopDown2D/Library/Il2cppBuildCache/iOS/additionalCppFiles/UnityClassRegistration.cpp"
      ],
      "Outputs": [
        "D:/git/TopDown2D/Library/Il2cppBuildCache/iOS/il2cppOutput/UnityClassRegistration.cpp"
      ],
      "TargetDirectories": [],
      "PassIndex": 0,
      "Deps": [
        1
      ],
      "OverwriteOutputs": true,
      "FrontendResponseFiles": [],
      "AllowUnexpectedOutput": true,
      "AllowedOutputSubstrings": [],
      "DebugActionIndex": 2
    },
    {
      "Annotation": "Copy Additional C++ File D:/git/TopDown2D/Library/Il2cppBuildCache/iOS/il2cppOutput/UnityICallRegistration.cpp",
      "Action": "copy \"D:\\git\\TopDown2D\\Library\\Il2cppBuildCache\\iOS\\additionalCppFiles\\UnityICallRegistration.cpp\" \"D:\\git\\TopDown2D\\Library\\Il2cppBuildCache\\iOS\\il2cppOutput\\UnityICallRegistration.cpp\" && copy /b \"D:\\git\\TopDown2D\\Library\\Il2cppBuildCache\\iOS\\il2cppOutput\\UnityICallRegistration.cpp\" +,, \"D:\\git\\TopDown2D\\Library\\Il2cppBuildCache\\iOS\\il2cppOutput\\UnityICallRegistration.cpp\" ",
      "Inputs": [
        "D:/git/TopDown2D/Library/Il2cppBuildCache/iOS/additionalCppFiles/UnityICallRegistration.cpp"
      ],
      "Outputs": [
        "D:/git/TopDown2D/Library/Il2cppBuildCache/iOS/il2cppOutput/UnityICallRegistration.cpp"
      ],
      "TargetDirectories": [],
      "PassIndex": 0,
      "Deps": [
        1
      ],
      "OverwriteOutputs": true,
      "FrontendResponseFiles": [],
      "AllowUnexpectedOutput": true,
      "AllowedOutputSubstrings": [],
      "DebugActionIndex": 3
    }
  ],
  "FileSignatures": [
    {
      "File": "../../../Temp/StagingArea/Data/Managed"
    },
    {
      "File": "artifacts/buildprogram/tundra_buildprogram.dag.json"
    },
    {
      "File": "il2cpp_settings.json"
    },
    {
      "File": "unitylinker_settings.json"
    }
  ],
  "GlobSignatures": [
    {
      "Path": "../../../Temp/StagingArea/Data/Managed"
    }
  ],
  "ContentDigestExtensions": [
    ".rsp",
    ".dll",
    ".exe",
    ".txt",
    ".c",
    ".cpp",
    ".h",
    ".cs",
    ".hpp"
  ],
  "StructuredLogFileName": "artifacts/tundra.log.json",
  "StateFileName": "artifacts/TundraBuildState.state",
  "StateFileNameTmp": "artifacts/TundraBuildState.state.tmp",
  "ScanCacheFileName": "artifacts/tundra.scancache",
  "ScanCacheFileNameTmp": "artifacts/tundra.scancache.tmp",
  "DigestCacheFileName": "artifacts/tundra.digestcache",
  "DigestCacheFileNameTmp": "artifacts/tundra.digestcache.tmp",
        "NamedNodes": {
          "all_tundra_nodes": 0
        }
,  "DefaultNodes": [
    0
  ],
  "SharedResources": [],
  "Scanners": [],
  "Identifier": "artifacts/tundra.dag.json",
  "BuildTitle": "Bee",
  "RelativePathToRoot": ".."
}